Timestamp,Faces Detected,Smile
20250615_234400,1,Smile Detected
20250615_234400,1,Smile Detected
20250615_234400,1,Smile Detected
20250615_234400,1,Smile Detected
20250615_234400,1,Smile Detected
20250615_234400,1,Smile Detected
20250615_234400,1,Smile Detected
20250615_234400,1,Smile Detected
20250615_234400,1,Smile Detected
20250615_234400,1,Smile Detected
20250615_234400,1,Smile Detected
20250615_234401,1,Smile Detected
20250615_234401,1,Smile Detected
20250615_234401,1,Smile Detected
20250615_234401,1,Smile Detected
20250615_234401,1,Smile Detected
20250615_234401,1,Smile Detected
20250615_234401,1,Smile Detected
20250615_234401,1,Smile Detected
20250615_234401,1,Smile Detected
20250615_234401,1,Smile Detected
20250615_234401,1,Smile Detected
20250615_234401,1,Smile Detected
20250615_234401,1,Smile Detected
20250615_234401,1,Smile Detected
20250615_234401,1,Smile Detected
20250615_234401,1,Smile Detected
20250615_234401,1,Smile Detected
20250615_234401,1,Smile Detected
20250615_234401,1,Smile Detected
20250615_234401,1,Smile Detected
20250615_234401,1,Smile Detected
20250615_234401,1,Smile Detected
20250615_234401,1,Smile Detected
20250615_234402,1,Smile Detected
20250615_234402,1,Smile Detected
20250615_234402,1,Smile Detected
20250615_234402,1,Smile Detected
20250615_234402,1,Smile Detected
20250615_234402,1,Smile Detected
20250615_234402,1,Smile Detected
20250615_234402,1,Smile Detected
20250615_234402,1,Smile Detected
20250615_234402,1,Smile Detected
20250615_234402,1,Smile Detected
20250615_234402,1,Smile Detected
20250615_234402,1,Smile Detected
20250615_234403,1,Smile Detected
20250615_234403,1,Smile Detected
20250615_234403,1,Smile Detected
20250615_234403,1,Smile Detected
20250615_234403,1,Smile Detected
20250615_234403,1,Smile Detected
20250615_234403,1,Smile Detected
20250615_234403,1,Smile Detected
20250615_234403,1,Smile Detected
20250615_234403,1,Smile Detected
20250615_234403,1,Smile Detected
20250615_234403,1,Smile Detected
20250615_234403,1,Smile Detected
20250615_234403,1,Smile Detected
20250615_234403,1,Smile Detected
20250615_234403,1,Smile Detected
20250615_234403,1,Smile Detected
20250615_234403,1,Smile Detected
20250615_234403,1,Smile Detected
20250615_234403,1,Smile Detected
20250615_234404,1,Smile Detected
20250615_234404,1,Smile Detected
20250615_234404,1,Smile Detected
20250615_234404,2,Smile Detected
20250615_234404,1,Smile Detected
20250615_234404,1,Smile Detected
20250615_234404,1,Smile Detected
20250615_234404,1,Smile Detected
20250615_234404,1,Smile Detected
20250615_234404,1,Smile Detected
20250615_234404,1,Smile Detected
20250615_234404,1,Smile Detected
20250615_234404,1,Smile Detected
20250615_234404,1,Smile Detected
20250615_234404,1,Smile Detected
20250615_234404,1,Smile Detected
20250615_234404,1,Smile Detected
20250615_234404,1,Smile Detected
20250615_234404,1,Smile Detected
20250615_234404,1,Smile Detected
20250615_234404,1,Smile Detected
20250615_234405,1,Smile Detected
20250615_234405,1,Smile Detected
20250615_234405,1,Smile Detected
20250615_234405,1,Smile Detected
20250615_234405,1,Smile Detected
20250615_234405,1,Smile Detected
20250615_234405,1,Smile Detected
20250615_234405,1,Smile Detected
20250615_234405,1,Smile Detected
20250615_234405,1,Smile Detected
20250615_234405,1,Smile Detected
20250615_234405,1,Smile Detected
20250615_234405,1,Smile Detected
20250615_234405,1,Smile Detected
20250615_234405,1,Smile Detected
20250615_234405,1,Smile Detected
20250615_234405,1,Smile Detected
20250615_234405,1,Smile Detected
20250615_234405,1,Smile Detected
20250615_234405,1,Smile Detected
20250615_234405,1,Smile Detected
20250615_234405,1,Smile Detected
20250615_234406,1,Smile Detected
20250615_234406,1,Smile Detected
20250615_234406,1,Smile Detected
20250615_234406,1,Smile Detected
20250615_234406,1,Smile Detected
20250615_234406,1,Smile Detected
20250615_234406,1,Smile Detected
20250615_234406,1,Smile Detected
20250615_234406,1,Smile Detected
20250615_234406,1,Smile Detected
20250615_234406,1,Smile Detected
20250615_234406,1,Smile Detected
20250615_234406,1,Smile Detected
20250615_234406,1,Smile Detected
20250615_234406,1,Smile Detected
20250615_234406,1,Smile Detected
20250615_234406,1,Smile Detected
20250615_234406,1,Smile Detected
20250615_234406,1,Smile Detected
20250615_234406,1,Smile Detected
20250615_234406,1,Smile Detected
20250615_234407,1,Smile Detected
20250615_234407,1,Smile Detected
20250615_234407,1,Smile Detected
20250615_234407,1,Smile Detected
20250615_234407,1,Smile Detected
20250615_234407,1,Smile Detected
20250615_234407,1,Smile Detected
20250615_234407,1,Smile Detected
20250615_234407,1,Smile Detected
20250615_234407,1,Smile Detected
20250615_234407,1,Smile Detected
20250615_234407,1,Smile Detected
20250615_234407,1,Smile Detected
20250615_234407,1,Smile Detected
20250615_234407,1,Smile Detected
20250615_234407,1,Smile Detected
20250615_234407,1,Smile Detected
20250615_234407,1,Smile Detected
20250615_234407,1,Smile Detected
20250615_234407,1,Smile Detected
20250615_234407,1,Smile Detected
20250615_234407,1,Smile Detected
20250615_234407,1,Smile Detected
20250615_234407,1,Smile Detected
20250615_234408,1,Smile Detected
20250615_234408,1,Smile Detected
20250615_234408,1,Smile Detected
20250615_234408,1,Smile Detected
20250615_234408,1,Smile Detected
20250615_234408,1,Smile Detected
20250615_234408,1,Smile Detected
20250615_234408,1,Smile Detected
20250615_234408,1,Smile Detected
20250615_234408,1,Smile Detected
20250615_234408,1,Smile Detected
20250615_234408,1,Smile Detected
20250615_234408,1,Smile Detected
20250615_234408,1,Smile Detected
20250615_234408,1,Smile Detected
20250615_234408,1,Smile Detected
20250615_234408,1,Smile Detected
20250615_234408,1,Smile Detected
20250615_234408,1,Smile Detected
20250615_234408,1,Smile Detected
20250615_234408,1,Smile Detected
20250615_234408,1,Smile Detected
20250615_234409,1,Smile Detected
20250615_234409,1,Smile Detected
20250615_234409,1,Smile Detected
20250615_234409,1,Smile Detected
20250615_234409,1,Smile Detected
20250615_234409,1,Smile Detected
20250615_234409,1,Smile Detected
20250615_234409,1,Smile Detected
20250615_234409,1,Smile Detected
20250615_234409,1,Smile Detected
20250615_234409,1,Smile Detected
20250615_234409,1,Smile Detected
20250615_234409,1,Smile Detected
20250615_234409,1,Smile Detected
20250615_234409,1,Smile Detected
20250615_234409,1,Smile Detected
20250615_234409,1,Smile Detected
20250615_234409,1,Smile Detected
20250615_234409,1,Smile Detected
20250615_234409,1,Smile Detected
20250615_234409,1,Smile Detected
20250615_234410,1,Smile Detected
20250615_234826,1,Smile Detected
20250615_234826,1,Smile Detected
20250615_234826,1,Smile Detected
20250615_234827,1,Smile Detected
20250615_234827,1,Smile Detected
20250615_234827,1,Smile Detected
20250615_234827,1,Smile Detected
20250615_234827,1,Smile Detected
20250615_234828,1,Smile Detected
20250615_234828,1,Smile Detected
20250615_234932,1,Smile Detected
20250615_234932,1,Smile Detected
20250615_234932,1,Smile Detected
20250615_234932,1,Smile Detected
20250615_234932,1,Smile Detected
20250615_234932,1,Smile Detected
20250615_234932,1,Smile Detected
20250615_234932,1,Smile Detected
20250615_234932,1,Smile Detected
20250615_234932,1,Smile Detected
20250615_234932,1,Smile Detected
20250615_234932,1,Smile Detected
20250615_234932,1,Smile Detected
20250615_234933,1,Smile Detected
20250615_234933,1,Smile Detected
20250615_234933,1,Smile Detected
20250615_234933,1,Smile Detected
20250615_234933,1,Smile Detected
20250615_234933,1,Smile Detected
20250615_234933,1,Smile Detected
20250615_234933,1,Smile Detected
20250615_234933,1,Smile Detected
20250615_234933,1,Smile Detected
20250615_234933,1,Smile Detected
20250615_234933,1,Smile Detected
20250615_234933,1,Smile Detected
20250615_234933,1,Smile Detected
20250615_234933,1,Smile Detected
20250615_234933,1,Smile Detected
20250615_234933,1,Smile Detected
20250615_234933,1,Smile Detected
20250615_234934,1,Smile Detected
20250615_234934,1,Smile Detected
20250615_234934,1,Smile Detected
20250615_234934,1,Smile Detected
20250615_234934,1,Smile Detected
20250615_234934,1,Smile Detected
20250615_234934,1,Smile Detected
20250615_234934,1,Smile Detected
20250615_234934,1,Smile Detected
20250615_234934,1,Smile Detected
20250615_234934,1,Smile Detected
20250615_234934,1,Smile Detected
20250615_234934,1,Smile Detected
20250615_234934,1,Smile Detected
20250615_234934,1,Smile Detected
20250615_234934,1,Smile Detected
20250615_234934,1,Smile Detected
20250615_234935,1,Smile Detected
20250615_234935,1,Smile Detected
20250615_234935,1,Smile Detected
20250615_234935,1,Smile Detected
20250615_234935,1,Smile Detected
20250615_234935,1,Smile Detected
20250615_234935,1,Smile Detected
20250615_234935,1,Smile Detected
20250615_234935,1,Smile Detected
20250615_234935,1,Smile Detected
20250615_234935,1,Smile Detected
20250615_234935,1,Smile Detected
20250615_234935,1,Smile Detected
20250615_234935,1,Smile Detected
20250615_234935,1,Smile Detected
20250615_234935,1,Smile Detected
20250615_234935,1,Smile Detected
20250615_234935,1,Smile Detected
20250615_234935,1,Smile Detected
20250615_234935,1,Smile Detected
20250615_234935,1,Smile Detected
20250615_234935,1,Smile Detected
20250615_234935,1,Smile Detected
20250615_234935,1,Smile Detected
20250615_234936,1,Smile Detected
20250615_234936,1,Smile Detected
20250615_234936,1,Smile Detected
20250615_234936,1,Smile Detected
20250615_234936,1,Smile Detected
20250615_234936,1,Smile Detected
20250615_234936,1,Smile Detected
20250615_234936,1,Smile Detected
20250615_234936,1,Smile Detected
20250615_234936,1,Smile Detected
20250615_234936,1,Smile Detected
20250615_234936,1,Smile Detected
20250615_234936,1,Smile Detected
20250615_234936,1,Smile Detected
20250615_234936,1,Smile Detected
20250615_234936,1,Smile Detected
20250615_234936,1,Smile Detected
20250615_234936,1,Smile Detected
20250615_234936,1,Smile Detected
20250615_234936,1,Smile Detected
20250615_234936,1,Smile Detected
20250615_234936,1,Smile Detected
20250615_234937,1,Smile Detected
20250615_234937,1,Smile Detected
20250615_234937,1,Smile Detected
20250615_234937,1,Smile Detected
20250615_234937,1,Smile Detected
20250615_234937,1,Smile Detected
20250615_234937,1,Smile Detected
20250615_234937,1,Smile Detected
20250615_234937,1,Smile Detected
20250615_234937,1,Smile Detected
20250615_234937,1,Smile Detected
20250615_234937,1,Smile Detected
20250615_234937,1,Smile Detected
20250615_234937,1,Smile Detected
20250615_234937,1,Smile Detected
20250615_234937,1,Smile Detected
20250615_234942,1,Smile Detected
20250615_234942,1,Smile Detected
20250615_234942,1,Smile Detected
20250615_234942,1,Smile Detected
20250615_234942,1,Smile Detected
20250615_234943,1,Smile Detected
20250615_234943,1,Smile Detected
20250615_234943,1,Smile Detected
20250615_234943,1,Smile Detected
20250615_234943,1,Smile Detected
20250615_234943,1,Smile Detected
20250615_234943,1,Smile Detected
20250615_234943,1,Smile Detected
20250615_234944,1,Smile Detected
20250615_235314,1,Smile Detected
20250615_235314,1,Smile Detected
20250615_235314,1,Smile Detected
20250615_235314,1,Smile Detected
20250615_235314,1,Smile Detected
20250615_235314,1,Smile Detected
20250615_235314,1,Smile Detected
20250615_235314,1,Smile Detected
20250615_235314,1,Smile Detected
20250615_235315,1,Smile Detected
20250615_235315,1,Smile Detected
20250615_235315,1,Smile Detected
20250615_235315,1,Smile Detected
20250615_235315,1,Smile Detected
20250615_235315,1,Smile Detected
20250615_235315,1,Smile Detected
20250615_235315,1,Smile Detected
20250615_235315,1,Smile Detected
20250615_235315,1,Smile Detected
20250615_235315,1,Smile Detected
20250615_235315,1,Smile Detected
20250615_235315,1,Smile Detected
20250615_235315,1,Smile Detected
20250615_235315,1,Smile Detected
20250615_235315,1,Smile Detected
20250615_235315,1,Smile Detected
20250615_235315,1,Smile Detected
20250615_235315,1,Smile Detected
20250615_235315,1,Smile Detected
20250615_235315,1,Smile Detected
20250615_235315,1,Smile Detected
20250615_235316,1,Smile Detected
20250615_235316,1,Smile Detected
20250615_235316,1,Smile Detected
20250615_235316,1,Smile Detected
20250615_235316,1,Smile Detected
20250615_235316,1,Smile Detected
20250615_235316,1,Smile Detected
20250615_235316,1,Smile Detected
20250615_235316,1,Smile Detected
20250615_235316,1,Smile Detected
20250615_235316,1,Smile Detected
20250615_235316,1,Smile Detected
20250615_235316,1,Smile Detected
20250615_235316,1,Smile Detected
20250615_235316,1,Smile Detected
20250615_235316,1,Smile Detected
20250615_235316,1,Smile Detected
20250615_235316,1,Smile Detected
20250615_235316,1,Smile Detected
20250615_235316,1,Smile Detected
20250615_235316,1,Smile Detected
20250615_235316,1,Smile Detected
20250615_235316,1,Smile Detected
20250615_235317,1,Smile Detected
20250615_235317,1,Smile Detected
20250615_235317,1,Smile Detected
20250615_235317,1,Smile Detected
20250615_235317,1,Smile Detected
20250615_235317,1,Smile Detected
20250615_235317,1,Smile Detected
20250615_235317,1,Smile Detected
20250615_235317,1,Smile Detected
20250615_235317,1,Smile Detected
20250615_235317,1,Smile Detected
20250615_235317,1,Smile Detected
20250615_235317,1,Smile Detected
20250615_235317,1,Smile Detected
20250615_235317,1,Smile Detected
20250615_235317,1,Smile Detected
20250615_235317,1,Smile Detected
20250615_235317,1,Smile Detected
20250615_235317,1,Smile Detected
20250615_235317,1,Smile Detected
20250615_235317,1,Smile Detected
20250615_235317,1,Smile Detected
20250615_235317,1,Smile Detected
20250615_235317,1,Smile Detected
20250615_235318,1,Smile Detected
20250615_235318,1,Smile Detected
20250615_235318,1,Smile Detected
20250615_235318,1,Smile Detected
20250615_235318,1,Smile Detected
20250615_235318,1,Smile Detected
20250615_235318,1,Smile Detected
20250615_235318,1,Smile Detected
20250615_235318,1,Smile Detected
20250615_235318,1,Smile Detected
20250615_235318,1,Smile Detected
20250615_235318,1,Smile Detected
20250615_235318,1,Smile Detected
20250615_235318,1,Smile Detected
20250615_235318,1,Smile Detected
20250615_235318,1,Smile Detected
20250615_235318,1,Smile Detected
20250615_235318,1,Smile Detected
20250615_235318,1,Smile Detected
20250615_235318,1,Smile Detected
20250615_235318,1,Smile Detected
20250615_235319,1,Smile Detected
20250615_235319,1,Smile Detected
20250615_235319,1,Smile Detected
20250615_235319,1,Smile Detected
20250615_235319,1,Smile Detected
20250615_235319,1,Smile Detected
20250615_235319,1,Smile Detected
20250615_235319,1,Smile Detected
20250615_235319,1,Smile Detected
20250615_235319,1,Smile Detected
20250615_235319,1,Smile Detected
20250615_235319,1,Smile Detected
20250615_235319,1,Smile Detected
20250615_235319,1,Smile Detected
20250615_235319,1,Smile Detected
20250615_235319,1,Smile Detected
20250615_235319,1,Smile Detected
20250615_235319,1,Smile Detected
20250615_235319,1,Smile Detected
20250615_235319,1,Smile Detected
20250615_235319,1,Smile Detected
20250615_235319,1,Smile Detected
20250615_235320,1,Smile Detected
20250615_235320,1,Smile Detected
20250615_235320,1,Smile Detected
20250615_235320,1,Smile Detected
20250615_235320,1,Smile Detected
20250615_235320,1,Smile Detected
20250615_235320,1,Smile Detected
20250615_235320,1,Smile Detected
20250615_235320,1,Smile Detected
20250615_235320,1,Smile Detected
20250615_235320,1,Smile Detected
20250615_235320,1,Smile Detected
20250615_235320,1,Smile Detected
20250615_235320,1,Smile Detected
20250615_235320,1,Smile Detected
20250615_235320,1,Smile Detected
20250615_235320,1,Smile Detected
20250615_235320,1,Smile Detected
20250615_235320,1,Smile Detected
20250615_235320,1,Smile Detected
20250615_235320,1,Smile Detected
20250615_235321,1,Smile Detected
20250615_235321,1,Smile Detected
20250615_235321,1,Smile Detected
20250615_235321,1,Smile Detected
20250615_235321,1,Smile Detected
20250615_235321,1,Smile Detected
20250615_235605,1,Smile Detected
20250615_235605,1,Smile Detected
20250615_235606,1,Smile Detected
20250615_235606,1,Smile Detected
20250615_235606,1,Smile Detected
20250615_235606,1,Smile Detected
20250615_235606,1,Smile Detected
20250615_235606,1,Smile Detected
20250615_235606,1,Smile Detected
20250615_235606,1,Smile Detected
20250615_235606,1,Smile Detected
20250615_235606,1,Smile Detected
20250615_235606,1,Smile Detected
20250615_235606,1,Smile Detected
20250615_235606,1,Smile Detected
20250615_235606,1,Smile Detected
20250615_235606,1,Smile Detected
20250615_235606,1,Smile Detected
20250615_235606,1,Smile Detected
20250615_235606,1,Smile Detected
20250615_235606,1,Smile Detected
20250615_235606,1,Smile Detected
20250615_235606,1,Smile Detected
20250615_235606,1,Smile Detected
20250615_235606,1,Smile Detected
20250615_235607,1,Smile Detected
20250615_235607,1,Smile Detected
20250615_235607,1,Smile Detected
20250615_235607,1,Smile Detected
20250615_235607,1,Smile Detected
20250615_235607,1,Smile Detected
20250615_235607,2,Smile Detected
20250615_235607,1,Smile Detected
20250615_235607,1,Smile Detected
20250615_235607,1,Smile Detected
20250615_235607,1,Smile Detected
20250615_235607,1,Smile Detected
20250615_235607,1,Smile Detected
20250615_235607,1,Smile Detected
20250615_235607,1,Smile Detected
20250615_235607,1,Smile Detected
20250615_235607,1,Smile Detected
20250615_235607,1,Smile Detected
20250615_235607,1,Smile Detected
20250615_235607,1,Smile Detected
20250615_235607,1,Smile Detected
20250615_235607,1,Smile Detected
20250615_235608,1,Smile Detected
20250615_235608,1,Smile Detected
20250615_235608,1,Smile Detected
20250615_235608,1,Smile Detected
20250615_235608,1,Smile Detected
20250615_235608,1,Smile Detected
20250615_235608,1,Smile Detected
20250615_235608,1,Smile Detected
20250615_235608,1,Smile Detected
20250615_235608,1,Smile Detected
20250615_235608,1,Smile Detected
20250615_235608,1,Smile Detected
20250615_235608,1,Smile Detected
20250615_235608,1,Smile Detected
20250615_235608,1,Smile Detected
20250615_235608,1,Smile Detected
20250615_235608,1,Smile Detected
20250615_235608,1,Smile Detected
20250615_235608,1,Smile Detected
20250615_235608,1,Smile Detected
20250615_235608,1,Smile Detected
20250615_235608,1,Smile Detected
20250615_235609,1,Smile Detected
20250615_235609,1,Smile Detected
20250615_235609,1,Smile Detected
20250615_235609,1,Smile Detected
20250615_235609,1,Smile Detected
20250615_235609,1,Smile Detected
20250615_235609,1,Smile Detected
20250615_235609,1,Smile Detected
20250615_235609,1,Smile Detected
20250615_235609,1,Smile Detected
20250615_235609,1,Smile Detected
20250615_235609,1,Smile Detected
20250615_235609,1,Smile Detected
20250615_235609,1,Smile Detected
20250615_235609,1,Smile Detected
20250615_235609,1,Smile Detected
20250615_235609,1,Smile Detected
20250615_235609,1,Smile Detected
20250615_235609,1,Smile Detected
20250615_235609,1,Smile Detected
20250615_235609,1,Smile Detected
20250615_235610,1,Smile Detected
20250615_235610,1,Smile Detected
20250615_235610,1,Smile Detected
20250615_235610,1,Smile Detected
20250615_235610,1,Smile Detected
20250615_235610,1,Smile Detected
20250615_235610,1,Smile Detected
20250615_235610,1,Smile Detected
20250615_235610,1,Smile Detected
20250615_235610,1,Smile Detected
20250615_235610,2,Smile Detected
20250615_235610,2,Smile Detected
20250615_235610,1,Smile Detected
20250615_235610,1,Smile Detected
20250615_235610,1,Smile Detected
20250615_235610,2,Smile Detected
20250615_235610,2,Smile Detected
20250615_235610,2,Smile Detected
20250615_235610,1,Smile Detected
20250615_235610,1,Smile Detected
20250615_235610,1,Smile Detected
20250615_235611,1,Smile Detected
20250615_235611,1,Smile Detected
20250615_235611,1,Smile Detected
20250615_235611,1,Smile Detected
20250615_235611,1,Smile Detected
20250615_235611,1,Smile Detected
20250615_235611,1,Smile Detected
20250615_235611,1,Smile Detected
20250615_235611,1,Smile Detected
20250615_235611,2,Smile Detected
20250615_235611,2,Smile Detected
20250615_235611,2,Smile Detected
20250615_235611,1,Smile Detected
20250615_235611,1,Smile Detected
